{
    "cup_0001.obj": {
        "handle_top": [
            0.35358619689941406,
            0.28423285484313965,
            -0.006968317087739706
        ],
        "handle_bottom": [
            0.3844102621078491,
            -0.27217647433280945,
            0.003636138280853629
        ],
        "rim_center": [
            -0.07277056574821472,
            0.3419554531574249,
            0.0
        ],
        "base_center": [
            -0.07777056843042374,
            -0.34090331196784973,
            0.0
        ],
        "rim_front": [
            -0.37400102615356445,
            0.34427571296691895,
            -0.0005197452264837921
        ],
        "rim_back": [
            0.21951711177825928,
            0.34421610832214355,
            -0.006357621401548386
        ],
        "rim_left": [
            -0.08405277878046036,
            0.3440968990325928,
            0.2952662706375122
        ],
        "rim_right": [
            -0.07432305812835693,
            0.3440968990325928,
            -0.29825177788734436
        ]
    },
    "cup_0003.obj": {
        "handle_top": [
            0.2934635579586029,
            0.27495551109313965,
            -0.04333093389868736
        ],
        "handle_bottom": [
            0.2973555028438568,
            -0.25916171073913574,
            -0.04138490930199623
        ],
        "rim_center": [
            -0.1604432463645935,
            0.33148103952407837,
            0.008555098436772823
        ],
        "base_center": [
            -0.16084325313568115,
            -0.33148103952407837,
            4.711716030669777e-07
        ],
        "rim_front": [
            -0.46129900217056274,
            0.33146071434020996,
            0.0014262148179113865
        ],
        "rim_back": [
            0.1066514253616333,
            0.33146071434020996,
            -0.0024657039903104305
        ],
        "rim_left": [
            -0.17745892703533173,
            0.33146071434020996,
            0.2902663052082062
        ],
        "rim_right": [
            -0.17745892703533173,
            0.33146071434020996,
            -0.27473345398902893
        ]
    },
    "cup_0008.obj": {
        "handle_top": [
            0.3875107765197754,
            0.2971886396408081,
            -0.0003309118910692632
        ],
        "handle_bottom": [
            0.29165565967559814,
            -0.21475562453269958,
            0.0014119745464995503
        ],
        "rim_center": [
            -0.13022781908512115,
            0.3797174096107483,
            1.7763568394002505e-15
        ],
        "base_center": [
            -0.13022781908512115,
            -0.38237810134887695,
            0.0
        ],
        "rim_front": [
            -0.47867026925086975,
            0.3821848928928375,
            -0.0003309156163595617
        ],
        "rim_back": [
            0.19132958352565765,
            0.3821848928928375,
            -0.0003309156163595617
        ],
        "rim_left": [
            -0.1440490484237671,
            0.3821848928928375,
            0.3377760052680969
        ],
        "rim_right": [
            -0.1440490484237671,
            0.38218486309051514,
            -0.3422239124774933
        ]
    }
}